C6,C6
C6,C6
C7,C7
C7,C7
C12,C12
C12,C12
C14,C14
C14,C14
C14,C14
C842,C19
C349,C19
C519,C25
C25,C25
C25,C25
C34,C34
C34,C34
C34,C34
C34,C34
C94,C34
C188,C50
C50,C50
C519,C56
C539,C56
C65,C65
C65,C65
C65,C65
C69,C69
C69,C69
C70,C70
C70,C70
C70,C70
C70,C70
C819,C73
C73,C73
C178,C80
C354,C80
C81,C81
C81,C81
C81,C81
C81,C81
C82,C82
C82,C82
C82,C82
C82,C82
C185,C84
C84,C84
C84,C84
C84,C84
C84,C84
C90,C90
C90,C90
C90,C90
C90,C90
C90,C90
C91,C91
C461,C91
C645,C94
C94,C94
C95,C95
C95,C95
C6,C95
C95,C95
C95,C95
C99,C99
C99,C99
C99,C99
C99,C99
C119,C119
C992,C119
C120,C120
C120,C120
C120,C120
C121,C121
C121,C121
C138,C138
C138,C138
C138,C138
C138,C138
C432,C144
C144,C144
C922,C150
C150,C150
C153,C153
C153,C153
C595,C154
C154,C154
C164,C164
C922,C164
C475,C171
C475,C171
C172,C172
C81,C172
C178,C178
C178,C178
C178,C178
C181,C181
C181,C181
C182,C182
C182,C182
C184,C184
C184,C184
C185,C185
C185,C185
C185,C185
C185,C185
C185,C185
C185,C185
C185,C185
C185,C185
C187,C187
C187,C187
C187,C187
C188,C188
C928,C188
C201,C201
C201,C201
C207,C207
C207,C207
C208,C208
C90,C208
C90,C208
C81,C236
C422,C236
C246,C246
C246,C246
C246,C246
C254,C254
C254,C254
C254,C254
C262,C262
C262,C262
C246,C267
C262,C267
C81,C267
C280,C280
C280,C280
C280,C280
C293,C293
C293,C293
C293,C293
C293,C293
C293,C293
C293,C293
C293,C293
C293,C293
C90,C295
C153,C295
C295,C295
C315,C315
C315,C315
C315,C315
C315,C315
C315,C315
C315,C315
C315,C315
C315,C315
C319,C319
C254,C319
C343,C343
C343,C343
C344,C344
C344,C344
C344,C344
C344,C344
C347,C347
C347,C347
C349,C349
C315,C349
C349,C349
C349,C349
C646,C349
C349,C349
C354,C354
C354,C354
C354,C354
C354,C354
C354,C354
C354,C354
C354,C354
C355,C355
C753,C355
C359,C359
C359,C359
C359,C359
C359,C359
C365,C365
C365,C365
C371,C371
C371,C371
C372,C372
C372,C372
C372,C372
C372,C372
C652,C372
C617,C372
C384,C384
C384,C384
C384,C384
C384,C384
C617,C386
C386,C386
C621,C386
C386,C386
C390,C390
C390,C390
C390,C390
C390,C390
C396,C396
C396,C396
C398,C398
C816,C398
C412,C412
C412,C412
C19,C422
C422,C422
C706,C422
C422,C422
C425,C425
C425,C425
C432,C432
C432,C432
C432,C432
C438,C438
C438,C438
C439,C439
C439,C439
C439,C439
C439,C439
C440,C440
C440,C440
C440,C440
C443,C443
C443,C443
C443,C443
C443,C443
C445,C445
C445,C445
C445,C445
C445,C445
C445,C445
C448,C448
C448,C448
C448,C448
C458,C458
C458,C458
C458,C458
C699,C461
C461,C461
C461,C461
C646,C472
C472,C472
C472,C472
C472,C472
C472,C472
C857,C474
C474,C474
C475,C475
C475,C475
C484,C484
C484,C484
C484,C484
C763,C484
C488,C488
C582,C488
C492,C492
C492,C492
C492,C492
C495,C495
C495,C495
C509,C509
C509,C509
C518,C518
C518,C518
C518,C518
C518,C518
C519,C519
C1016,C519
C390,C519
C521,C521
C521,C521
C521,C521
C521,C521
C521,C521
C527,C527
C527,C527
C527,C527
C529,C529
C529,C529
C529,C529
C546,C529
C529,C529
C891,C531
C531,C531
C533,C533
C533,C533
C539,C539
C539,C539
C546,C546
C546,C546
C553,C553
C553,C553
C766,C572
C1040,C572
C579,C579
C579,C579
C582,C582
C582,C582
C1016,C582
C842,C582
C585,C585
C585,C585
C589,C589
C589,C589
C593,C593
C593,C593
C593,C593
C595,C595
C595,C595
C595,C595
C596,C596
C596,C596
C596,C596
C612,C612
C612,C612
C617,C617
C617,C617
C617,C617
C617,C617
C1016,C621
C621,C621
C621,C621
C628,C628
C628,C628
C628,C628
C628,C628
C976,C635
C1016,C635
C638,C638
C638,C638
C638,C638
C359,C642
C642,C642
C439,C643
C643,C643
C1054,C643
C645,C645
C645,C645
C645,C645
C646,C646
C646,C646
C951,C646
C647,C647
C647,C647
C649,C649
C649,C649
C652,C652
C652,C652
C652,C652
C652,C652
C660,C660
C660,C660
C662,C662
C662,C662
C662,C662
C643,C673
C673,C673
C635,C673
C682,C682
C682,C682
C682,C682
C688,C688
C688,C688
C688,C688
C689,C689
C689,C689
C689,C689
C689,C689
C689,C689
C689,C689
C689,C689
C699,C699
C699,C699
C702,C702
C702,C702
C702,C702
C702,C702
C702,C702
C705,C705
C705,C705
C706,C706
C706,C706
C708,C708
C708,C708
C718,C718
C718,C718
C722,C722
C722,C722
C722,C722
C723,C723
C723,C723
C730,C730
C730,C730
C730,C730
C730,C730
C730,C730
C730,C730
C734,C734
C734,C734
C734,C734
C734,C734
C742,C742
C742,C742
C742,C742
C742,C742
C742,C742
C744,C744
C744,C744
C744,C744
C744,C744
C745,C745
C745,C745
C750,C750
C750,C750
C750,C750
C752,C752
C120,C752
C753,C753
C753,C753
C754,C754
C754,C754
C754,C754
C754,C754
C754,C754
C763,C763
C763,C763
C766,C766
C766,C766
C766,C766
C767,C767
C349,C767
C768,C768
C768,C768
C768,C768
C773,C773
C315,C773
C539,C787
C617,C787
C922,C806
C806,C806
C806,C806
C806,C806
C816,C816
C816,C816
C816,C816
C816,C816
C819,C819
C819,C819
C819,C819
C820,C820
C820,C820
C820,C820
C827,C827
C827,C827
C827,C827
C834,C834
C834,C834
C834,C834
C842,C842
C842,C842
C842,C842
C857,C857
C767,C857
C868,C868
C806,C868
C315,C872
C872,C872
C872,C872
C461,C877
C734,C877
C881,C881
C881,C881
C881,C881
C881,C881
C881,C881
C723,C882
C585,C882
C885,C885
C885,C885
C885,C885
C885,C885
C951,C885
C885,C885
C889,C889
C889,C889
C891,C891
C891,C891
C891,C891
C895,C895
C895,C895
C895,C895
C885,C900
C900,C900
C900,C900
C901,C901
C901,C901
C6,C901
C902,C902
C902,C902
C902,C902
C913,C913
C913,C913
C916,C916
C916,C916
C922,C922
C922,C922
C208,C922
C928,C928
C744,C928
C928,C928
C928,C928
C943,C928
C934,C934
C934,C934
C934,C934
C934,C934
C943,C943
C943,C943
C943,C943
C943,C943
C461,C943
C943,C943
C99,C943
C951,C951
C951,C951
C951,C951
C974,C974
C974,C974
C974,C974
C974,C974
C974,C974
C951,C976
C976,C976
C976,C976
C980,C980
C980,C980
C988,C988
C988,C988
C990,C990
C990,C990
C990,C990
C992,C992
C120,C992
C992,C992
C1006,C1006
C1006,C1006
C1016,C1016
C1016,C1016
C881,C1016
C1017,C1017
C1017,C1017
C90,C1019
C1019,C1019
C1025,C1025
C943,C1025
C1029,C1029
C1029,C1029
C1029,C1029
C1040,C1040
C475,C1040
C1044,C1044
C744,C1044
C1047,C1047
C662,C1047
C1054,C1054
C1054,C1054
C1054,C1054
C1055,C1055
C1055,C1055
C1070,C1070
C1070,C1070
