C976,C6
C6,C6
C718,C6
C7,C7
C7,C7
C7,C7
C12,C12
C12,C12
C82,C12
C14,C14
C14,C14
C14,C14
C14,C14
C19,C19
C19,C19
C19,C19
C868,C25
C25,C25
C25,C25
C25,C25
C34,C34
C34,C34
C34,C34
C34,C34
C34,C34
C50,C50
C50,C50
C50,C50
C56,C56
C56,C56
C315,C56
C65,C65
C65,C65
C65,C65
C315,C69
C69,C69
C877,C69
C70,C70
C70,C70
C70,C70
C70,C70
C70,C70
C539,C73
C73,C73
C73,C73
C80,C80
C80,C80
C80,C80
C81,C81
C81,C81
C81,C81
C267,C81
C81,C81
C82,C82
C82,C82
C82,C82
C82,C82
C834,C82
C84,C84
C84,C84
C474,C84
C84,C84
C84,C84
C642,C90
C90,C90
C90,C90
C90,C90
C90,C90
C91,C91
C91,C91
C91,C91
C766,C94
C94,C94
C943,C95
C767,C95
C95,C95
C95,C95
C95,C95
C99,C99
C99,C99
C99,C99
C99,C99
C99,C99
C119,C119
C119,C119
C119,C119
C81,C120
C120,C120
C120,C120
C120,C120
C121,C121
C121,C121
C138,C138
C138,C138
C138,C138
C138,C138
C144,C144
C144,C144
C913,C144
C150,C150
C150,C150
C153,C153
C872,C153
C153,C153
C154,C154
C154,C154
C84,C164
C164,C164
C164,C164
C171,C171
C171,C171
C806,C171
C172,C172
C172,C172
C172,C172
C178,C178
C178,C178
C178,C178
C178,C178
C181,C181
C181,C181
C181,C181
C1017,C182
C182,C182
C182,C182
C184,C184
C1017,C184
C184,C184
C185,C185
C185,C185
C185,C185
C185,C185
C185,C185
C185,C185
C185,C185
C185,C185
C185,C185
C187,C187
C187,C187
C349,C187
C188,C188
C188,C188
C922,C201
C1019,C201
C207,C207
C207,C207
C207,C207
C842,C208
C7,C208
C171,C208
C236,C236
C236,C236
C943,C236
C246,C246
C246,C246
C246,C246
C857,C246
C254,C254
C254,C254
C181,C254
C254,C254
C262,C262
C262,C262
C262,C262
C267,C267
C254,C267
C267,C267
C280,C280
C280,C280
C280,C280
C280,C280
C293,C293
C293,C293
C293,C293
C293,C293
C293,C293
C293,C293
C293,C293
C293,C293
C293,C293
C295,C295
C295,C295
C745,C295
C315,C315
C315,C315
C315,C315
C349,C315
C315,C315
C315,C315
C315,C315
C315,C315
C642,C319
C319,C319
C319,C319
C398,C343
C343,C343
C343,C343
C344,C344
C1017,C344
C344,C344
C344,C344
C347,C347
C347,C347
C349,C349
C621,C349
C267,C349
C315,C349
C702,C349
C349,C349
C349,C349
C354,C354
C354,C354
C354,C354
C354,C354
C354,C354
C354,C354
C354,C354
C354,C354
C355,C355
C355,C355
C355,C355
C359,C359
C359,C359
C359,C359
C359,C359
C359,C359
C365,C365
C365,C365
C365,C365
C371,C371
C371,C371
C371,C371
C372,C372
C372,C372
C372,C372
C164,C372
C372,C372
C372,C372
C372,C372
C384,C384
C384,C384
C384,C384
C384,C384
C384,C384
C386,C386
C386,C386
C386,C386
C529,C386
C390,C390
C390,C390
C1025,C390
C390,C390
C390,C390
C396,C396
C396,C396
C396,C396
C702,C398
C398,C398
C398,C398
C412,C412
C412,C412
C422,C422
C422,C422
C422,C422
C422,C422
C425,C425
C425,C425
C425,C425
C432,C432
C432,C432
C80,C432
C153,C438
C438,C438
C438,C438
C439,C439
C82,C439
C439,C439
C439,C439
C439,C439
C440,C440
C440,C440
C440,C440
C834,C440
C443,C443
C443,C443
C443,C443
C443,C443
C445,C445
C445,C445
C445,C445
C445,C445
C445,C445
C445,C445
C448,C448
C448,C448
C448,C448
C448,C448
C458,C458
C458,C458
C458,C458
C458,C458
C461,C461
C461,C461
C461,C461
C461,C461
C472,C472
C472,C472
C472,C472
C472,C472
C472,C472
C474,C474
C474,C474
C474,C474
C475,C475
C475,C475
C475,C475
C484,C484
C484,C484
C1054,C484
C484,C484
C484,C484
C488,C488
C488,C488
C488,C488
C492,C492
C492,C492
C492,C492
C492,C492
C495,C495
C495,C495
C509,C509
C509,C509
C943,C518
C518,C518
C518,C518
C518,C518
C518,C518
C519,C519
C519,C519
C519,C519
C519,C519
C521,C521
C521,C521
C521,C521
C521,C521
C521,C521
C527,C527
C527,C527
C750,C527
C750,C527
C529,C529
C529,C529
C529,C529
C529,C529
C529,C529
C531,C531
C531,C531
C533,C533
C533,C533
C533,C533
C461,C539
C539,C539
C539,C539
C546,C546
C546,C546
C553,C553
C553,C553
C553,C553
C1029,C572
C572,C572
C254,C579
C579,C579
C582,C582
C582,C582
C582,C582
C744,C582
C585,C585
C585,C585
C585,C585
C589,C589
C842,C589
C589,C589
C593,C593
C593,C593
C593,C593
C593,C593
C595,C595
C595,C595
C595,C595
C595,C595
C596,C596
C596,C596
C596,C596
C596,C596
C612,C612
C612,C612
C617,C617
C617,C617
C582,C617
C617,C617
C99,C621
C621,C621
C621,C621
C744,C621
C628,C628
C628,C628
C628,C628
C628,C628
C628,C628
C702,C635
C976,C635
C99,C635
C638,C638
C638,C638
C638,C638
C642,C642
C642,C642
C642,C642
C643,C643
C643,C643
C643,C643
C645,C645
C207,C645
C645,C645
C617,C646
C646,C646
C702,C646
C647,C647
C647,C647
C649,C649
C649,C649
C7,C649
C652,C652
C652,C652
C652,C652
C652,C652
C645,C660
C943,C660
C660,C660
C662,C662
C662,C662
C662,C662
C673,C673
C673,C673
C673,C673
C673,C673
C682,C682
C682,C682
C682,C682
C688,C688
C688,C688
C688,C688
C688,C688
C689,C689
C689,C689
C689,C689
C689,C689
C689,C689
C689,C689
C689,C689
C842,C699
C699,C699
C699,C699
C702,C702
C702,C702
C750,C702
C702,C702
C702,C702
C705,C705
C705,C705
C705,C705
C706,C706
C706,C706
C706,C706
C708,C708
C882,C708
C718,C718
C718,C718
C722,C722
C722,C722
C722,C722
C236,C723
C723,C723
C723,C723
C730,C730
C730,C730
C730,C730
C730,C730
C730,C730
C730,C730
C734,C734
C734,C734
C734,C734
C734,C734
C734,C734
C742,C742
C742,C742
C742,C742
C742,C742
C742,C742
C744,C744
C744,C744
C744,C744
C744,C744
C745,C745
C745,C745
C745,C745
C621,C750
C750,C750
C750,C750
C750,C750
C752,C752
C752,C752
C752,C752
C753,C753
C753,C753
C754,C754
C754,C754
C754,C754
C635,C754
C754,C754
C763,C763
C763,C763
C763,C763
C766,C766
C766,C766
C766,C766
C767,C767
C767,C767
C767,C767
C768,C768
C768,C768
C768,C768
C355,C768
C773,C773
C773,C773
C773,C773
C787,C787
C787,C787
C787,C787
C943,C806
C621,C806
C868,C806
C806,C806
C688,C806
C816,C816
C816,C816
C816,C816
C621,C816
C432,C816
C819,C819
C819,C819
C819,C819
C820,C820
C820,C820
C820,C820
C827,C827
C827,C827
C827,C827
C834,C834
C834,C834
C834,C834
C834,C834
C842,C842
C943,C842
C842,C842
C842,C842
C857,C857
C857,C857
C857,C857
C868,C868
C868,C868
C872,C872
C872,C872
C872,C872
C872,C872
C877,C877
C877,C877
C881,C881
C881,C881
C881,C881
C652,C881
C1029,C881
C882,C882
C280,C882
C885,C885
C885,C885
C885,C885
C885,C885
C885,C885
C422,C885
C885,C885
C889,C889
C889,C889
C891,C891
C891,C891
C891,C891
C895,C895
C895,C895
C895,C895
C895,C895
C171,C900
C900,C900
C900,C900
C901,C901
C901,C901
C901,C901
C901,C901
C902,C902
C902,C902
C902,C902
C902,C902
C913,C913
C913,C913
C916,C916
C916,C916
C916,C916
C922,C922
C922,C922
C922,C922
C922,C922
C928,C928
C928,C928
C928,C928
C928,C928
C928,C928
C934,C934
C934,C934
C934,C934
C934,C934
C934,C934
C943,C943
C943,C943
C943,C943
C734,C943
C1029,C943
C943,C943
C943,C943
C951,C951
C951,C951
C951,C951
C951,C951
C974,C974
C974,C974
C974,C974
C974,C974
C974,C974
C976,C976
C718,C976
C445,C976
C6,C976
C980,C980
C980,C980
C988,C988
C988,C988
C990,C990
C990,C990
C990,C990
C990,C990
C992,C992
C992,C992
C901,C992
C1006,C1006
C1006,C1006
C386,C1006
C178,C1016
C1016,C1016
C531,C1016
C1017,C1017
C1017,C1017
C120,C1017
C1019,C1019
C1019,C1019
C1019,C1019
C1025,C1025
C895,C1025
C1029,C1029
C1029,C1029
C1029,C1029
C1040,C1040
C943,C1040
C1040,C1040
C484,C1044
C1044,C1044
C1044,C1044
C1047,C1047
C1047,C1047
C1047,C1047
C1054,C1054
C1054,C1054
C1054,C1054
C1054,C1054
C1055,C1055
C1055,C1055
C1055,C1055
C1070,C1070
C1070,C1070
